[
{
  "model": "auth.permission",
  "pk": 1,
  "fields": {
    "name": "Can add log entry",
    "content_type": 1,
    "codename": "add_logentry"
  }
},
{
  "model": "auth.permission",
  "pk": 2,
  "fields": {
    "name": "Can change log entry",
    "content_type": 1,
    "codename": "change_logentry"
  }
},
{
  "model": "auth.permission",
  "pk": 3,
  "fields": {
    "name": "Can delete log entry",
    "content_type": 1,
    "codename": "delete_logentry"
  }
},
{
  "model": "auth.permission",
  "pk": 4,
  "fields": {
    "name": "Can view log entry",
    "content_type": 1,
    "codename": "view_logentry"
  }
},
{
  "model": "auth.permission",
  "pk": 5,
  "fields": {
    "name": "Can add permission",
    "content_type": 2,
    "codename": "add_permission"
  }
},
{
  "model": "auth.permission",
  "pk": 6,
  "fields": {
    "name": "Can change permission",
    "content_type": 2,
    "codename": "change_permission"
  }
},
{
  "model": "auth.permission",
  "pk": 7,
  "fields": {
    "name": "Can delete permission",
    "content_type": 2,
    "codename": "delete_permission"
  }
},
{
  "model": "auth.permission",
  "pk": 8,
  "fields": {
    "name": "Can view permission",
    "content_type": 2,
    "codename": "view_permission"
  }
},
{
  "model": "auth.permission",
  "pk": 9,
  "fields": {
    "name": "Can add group",
    "content_type": 3,
    "codename": "add_group"
  }
},
{
  "model": "auth.permission",
  "pk": 10,
  "fields": {
    "name": "Can change group",
    "content_type": 3,
    "codename": "change_group"
  }
},
{
  "model": "auth.permission",
  "pk": 11,
  "fields": {
    "name": "Can delete group",
    "content_type": 3,
    "codename": "delete_group"
  }
},
{
  "model": "auth.permission",
  "pk": 12,
  "fields": {
    "name": "Can view group",
    "content_type": 3,
    "codename": "view_group"
  }
},
{
  "model": "auth.permission",
  "pk": 13,
  "fields": {
    "name": "Can add content type",
    "content_type": 4,
    "codename": "add_contenttype"
  }
},
{
  "model": "auth.permission",
  "pk": 14,
  "fields": {
    "name": "Can change content type",
    "content_type": 4,
    "codename": "change_contenttype"
  }
},
{
  "model": "auth.permission",
  "pk": 15,
  "fields": {
    "name": "Can delete content type",
    "content_type": 4,
    "codename": "delete_contenttype"
  }
},
{
  "model": "auth.permission",
  "pk": 16,
  "fields": {
    "name": "Can view content type",
    "content_type": 4,
    "codename": "view_contenttype"
  }
},
{
  "model": "auth.permission",
  "pk": 17,
  "fields": {
    "name": "Can add session",
    "content_type": 5,
    "codename": "add_session"
  }
},
{
  "model": "auth.permission",
  "pk": 18,
  "fields": {
    "name": "Can change session",
    "content_type": 5,
    "codename": "change_session"
  }
},
{
  "model": "auth.permission",
  "pk": 19,
  "fields": {
    "name": "Can delete session",
    "content_type": 5,
    "codename": "delete_session"
  }
},
{
  "model": "auth.permission",
  "pk": 20,
  "fields": {
    "name": "Can view session",
    "content_type": 5,
    "codename": "view_session"
  }
},
{
  "model": "auth.permission",
  "pk": 21,
  "fields": {
    "name": "Can add 权限",
    "content_type": 6,
    "codename": "add_permission"
  }
},
{
  "model": "auth.permission",
  "pk": 22,
  "fields": {
    "name": "Can change 权限",
    "content_type": 6,
    "codename": "change_permission"
  }
},
{
  "model": "auth.permission",
  "pk": 23,
  "fields": {
    "name": "Can delete 权限",
    "content_type": 6,
    "codename": "delete_permission"
  }
},
{
  "model": "auth.permission",
  "pk": 24,
  "fields": {
    "name": "Can view 权限",
    "content_type": 6,
    "codename": "view_permission"
  }
},
{
  "model": "auth.permission",
  "pk": 25,
  "fields": {
    "name": "Can add 角色",
    "content_type": 7,
    "codename": "add_role"
  }
},
{
  "model": "auth.permission",
  "pk": 26,
  "fields": {
    "name": "Can change 角色",
    "content_type": 7,
    "codename": "change_role"
  }
},
{
  "model": "auth.permission",
  "pk": 27,
  "fields": {
    "name": "Can delete 角色",
    "content_type": 7,
    "codename": "delete_role"
  }
},
{
  "model": "auth.permission",
  "pk": 28,
  "fields": {
    "name": "Can view 角色",
    "content_type": 7,
    "codename": "view_role"
  }
},
{
  "model": "auth.permission",
  "pk": 29,
  "fields": {
    "name": "Can add 部门",
    "content_type": 8,
    "codename": "add_department"
  }
},
{
  "model": "auth.permission",
  "pk": 30,
  "fields": {
    "name": "Can change 部门",
    "content_type": 8,
    "codename": "change_department"
  }
},
{
  "model": "auth.permission",
  "pk": 31,
  "fields": {
    "name": "Can delete 部门",
    "content_type": 8,
    "codename": "delete_department"
  }
},
{
  "model": "auth.permission",
  "pk": 32,
  "fields": {
    "name": "Can view 部门",
    "content_type": 8,
    "codename": "view_department"
  }
},
{
  "model": "auth.permission",
  "pk": 33,
  "fields": {
    "name": "Can add 用户",
    "content_type": 9,
    "codename": "add_user"
  }
},
{
  "model": "auth.permission",
  "pk": 34,
  "fields": {
    "name": "Can change 用户",
    "content_type": 9,
    "codename": "change_user"
  }
},
{
  "model": "auth.permission",
  "pk": 35,
  "fields": {
    "name": "Can delete 用户",
    "content_type": 9,
    "codename": "delete_user"
  }
},
{
  "model": "auth.permission",
  "pk": 36,
  "fields": {
    "name": "Can view 用户",
    "content_type": 9,
    "codename": "view_user"
  }
},
{
  "model": "auth.permission",
  "pk": 37,
  "fields": {
    "name": "Can add 项目",
    "content_type": 10,
    "codename": "add_project"
  }
},
{
  "model": "auth.permission",
  "pk": 38,
  "fields": {
    "name": "Can change 项目",
    "content_type": 10,
    "codename": "change_project"
  }
},
{
  "model": "auth.permission",
  "pk": 39,
  "fields": {
    "name": "Can delete 项目",
    "content_type": 10,
    "codename": "delete_project"
  }
},
{
  "model": "auth.permission",
  "pk": 40,
  "fields": {
    "name": "Can view 项目",
    "content_type": 10,
    "codename": "view_project"
  }
},
{
  "model": "auth.permission",
  "pk": 41,
  "fields": {
    "name": "Can add 迭代",
    "content_type": 11,
    "codename": "add_sprint"
  }
},
{
  "model": "auth.permission",
  "pk": 42,
  "fields": {
    "name": "Can change 迭代",
    "content_type": 11,
    "codename": "change_sprint"
  }
},
{
  "model": "auth.permission",
  "pk": 43,
  "fields": {
    "name": "Can delete 迭代",
    "content_type": 11,
    "codename": "delete_sprint"
  }
},
{
  "model": "auth.permission",
  "pk": 44,
  "fields": {
    "name": "Can view 迭代",
    "content_type": 11,
    "codename": "view_sprint"
  }
},
{
  "model": "auth.permission",
  "pk": 45,
  "fields": {
    "name": "Can add 工作项",
    "content_type": 12,
    "codename": "add_workitem"
  }
},
{
  "model": "auth.permission",
  "pk": 46,
  "fields": {
    "name": "Can change 工作项",
    "content_type": 12,
    "codename": "change_workitem"
  }
},
{
  "model": "auth.permission",
  "pk": 47,
  "fields": {
    "name": "Can delete 工作项",
    "content_type": 12,
    "codename": "delete_workitem"
  }
},
{
  "model": "auth.permission",
  "pk": 48,
  "fields": {
    "name": "Can view 工作项",
    "content_type": 12,
    "codename": "view_workitem"
  }
},
{
  "model": "auth.permission",
  "pk": 49,
  "fields": {
    "name": "Can add 静态文件",
    "content_type": 13,
    "codename": "add_userfile"
  }
},
{
  "model": "auth.permission",
  "pk": 50,
  "fields": {
    "name": "Can change 静态文件",
    "content_type": 13,
    "codename": "change_userfile"
  }
},
{
  "model": "auth.permission",
  "pk": 51,
  "fields": {
    "name": "Can delete 静态文件",
    "content_type": 13,
    "codename": "delete_userfile"
  }
},
{
  "model": "auth.permission",
  "pk": 52,
  "fields": {
    "name": "Can view 静态文件",
    "content_type": 13,
    "codename": "view_userfile"
  }
},
{
  "model": "auth.permission",
  "pk": 53,
  "fields": {
    "name": "Can add 用户评论",
    "content_type": 14,
    "codename": "add_comment"
  }
},
{
  "model": "auth.permission",
  "pk": 54,
  "fields": {
    "name": "Can change 用户评论",
    "content_type": 14,
    "codename": "change_comment"
  }
},
{
  "model": "auth.permission",
  "pk": 55,
  "fields": {
    "name": "Can delete 用户评论",
    "content_type": 14,
    "codename": "delete_comment"
  }
},
{
  "model": "auth.permission",
  "pk": 56,
  "fields": {
    "name": "Can view 用户评论",
    "content_type": 14,
    "codename": "view_comment"
  }
},
{
  "model": "auth.permission",
  "pk": 57,
  "fields": {
    "name": "Can add 变更记录",
    "content_type": 15,
    "codename": "add_changelog"
  }
},
{
  "model": "auth.permission",
  "pk": 58,
  "fields": {
    "name": "Can change 变更记录",
    "content_type": 15,
    "codename": "change_changelog"
  }
},
{
  "model": "auth.permission",
  "pk": 59,
  "fields": {
    "name": "Can delete 变更记录",
    "content_type": 15,
    "codename": "delete_changelog"
  }
},
{
  "model": "auth.permission",
  "pk": 60,
  "fields": {
    "name": "Can view 变更记录",
    "content_type": 15,
    "codename": "view_changelog"
  }
},
{
  "model": "contenttypes.contenttype",
  "pk": 1,
  "fields": {
    "app_label": "admin",
    "model": "logentry"
  }
},
{
  "model": "contenttypes.contenttype",
  "pk": 2,
  "fields": {
    "app_label": "auth",
    "model": "permission"
  }
},
{
  "model": "contenttypes.contenttype",
  "pk": 3,
  "fields": {
    "app_label": "auth",
    "model": "group"
  }
},
{
  "model": "contenttypes.contenttype",
  "pk": 4,
  "fields": {
    "app_label": "contenttypes",
    "model": "contenttype"
  }
},
{
  "model": "contenttypes.contenttype",
  "pk": 5,
  "fields": {
    "app_label": "sessions",
    "model": "session"
  }
},
{
  "model": "contenttypes.contenttype",
  "pk": 6,
  "fields": {
    "app_label": "system",
    "model": "permission"
  }
},
{
  "model": "contenttypes.contenttype",
  "pk": 7,
  "fields": {
    "app_label": "system",
    "model": "role"
  }
},
{
  "model": "contenttypes.contenttype",
  "pk": 8,
  "fields": {
    "app_label": "system",
    "model": "department"
  }
},
{
  "model": "contenttypes.contenttype",
  "pk": 9,
  "fields": {
    "app_label": "system",
    "model": "user"
  }
},
{
  "model": "contenttypes.contenttype",
  "pk": 10,
  "fields": {
    "app_label": "pm",
    "model": "project"
  }
},
{
  "model": "contenttypes.contenttype",
  "pk": 11,
  "fields": {
    "app_label": "pm",
    "model": "sprint"
  }
},
{
  "model": "contenttypes.contenttype",
  "pk": 12,
  "fields": {
    "app_label": "pm",
    "model": "workitem"
  }
},
{
  "model": "contenttypes.contenttype",
  "pk": 13,
  "fields": {
    "app_label": "pm",
    "model": "userfile"
  }
},
{
  "model": "contenttypes.contenttype",
  "pk": 14,
  "fields": {
    "app_label": "pm",
    "model": "comment"
  }
},
{
  "model": "contenttypes.contenttype",
  "pk": 15,
  "fields": {
    "app_label": "pm",
    "model": "changelog"
  }
},
{
  "model": "system.permission",
  "pk": 1,
  "fields": {
    "created_at": "2023-09-06T12:46:56.455Z",
    "updated_at": "2023-09-06T12:46:56.455Z",
    "created_by": "admin",
    "updated_by": "admin",
    "name": "工作台",
    "perm_type": 1,
    "parent": null,
    "icon": "DashboardOutlined",
    "component": "dashboard/DashboardView",
    "path": "/dashboard",
    "redirect": "",
    "is_visible": true
  }
},
{
  "model": "system.permission",
  "pk": 2,
  "fields": {
    "created_at": "2023-09-06T12:48:16.656Z",
    "updated_at": "2023-09-06T12:48:16.656Z",
    "created_by": "admin",
    "updated_by": "admin",
    "name": "系统管理",
    "perm_type": 2,
    "parent": null,
    "icon": "SettingOutlined",
    "component": "",
    "path": "/system",
    "redirect": "/system/users",
    "is_visible": true
  }
},
{
  "model": "system.permission",
  "pk": 3,
  "fields": {
    "created_at": "2023-09-06T12:49:02.529Z",
    "updated_at": "2023-09-06T12:49:02.529Z",
    "created_by": "admin",
    "updated_by": "admin",
    "name": "权限管理",
    "perm_type": 1,
    "parent": 2,
    "icon": "SafetyOutlined",
    "component": "system/permission/PermissionList",
    "path": "permissions",
    "redirect": "",
    "is_visible": true
  }
},
{
  "model": "system.permission",
  "pk": 4,
  "fields": {
    "created_at": "2023-09-06T12:49:46.371Z",
    "updated_at": "2023-09-06T12:49:46.371Z",
    "created_by": "admin",
    "updated_by": "admin",
    "name": "角色管理",
    "perm_type": 1,
    "parent": 2,
    "icon": "TeamOutlined",
    "component": "system/role/RoleList",
    "path": "roles",
    "redirect": "",
    "is_visible": true
  }
},
{
  "model": "system.permission",
  "pk": 5,
  "fields": {
    "created_at": "2023-09-06T12:50:25.669Z",
    "updated_at": "2023-09-06T12:50:25.669Z",
    "created_by": "admin",
    "updated_by": "admin",
    "name": "用户管理",
    "perm_type": 1,
    "parent": 2,
    "icon": "UserOutlined",
    "component": "system/user/UserList",
    "path": "users",
    "redirect": "",
    "is_visible": true
  }
},
{
  "model": "system.permission",
  "pk": 6,
  "fields": {
    "created_at": "2023-09-06T12:51:03.821Z",
    "updated_at": "2023-09-06T12:51:03.821Z",
    "created_by": "admin",
    "updated_by": "admin",
    "name": "部门管理",
    "perm_type": 1,
    "parent": 2,
    "icon": "HomeOutlined",
    "component": "system/department/DepartmentList",
    "path": "departments",
    "redirect": "",
    "is_visible": true
  }
},
{
  "model": "system.permission",
  "pk": 7,
  "fields": {
    "created_at": "2023-09-06T12:52:19.928Z",
    "updated_at": "2023-09-06T13:09:02.428Z",
    "created_by": "admin",
    "updated_by": "admin",
    "name": "个人中心",
    "perm_type": 1,
    "parent": null,
    "icon": "ProfileOutlined",
    "component": "system/user/UserProfile",
    "path": "/profile",
    "redirect": "",
    "is_visible": false
  }
},
{
  "model": "system.permission",
  "pk": 8,
  "fields": {
    "created_at": "2023-09-06T12:52:36.310Z",
    "updated_at": "2023-09-06T12:52:36.310Z",
    "created_by": "admin",
    "updated_by": "admin",
    "name": "新增权限",
    "perm_type": 3,
    "parent": 3,
    "icon": null,
    "component": "",
    "path": null,
    "redirect": "",
    "is_visible": true
  }
},
{
  "model": "system.permission",
  "pk": 9,
  "fields": {
    "created_at": "2023-09-06T12:52:49.519Z",
    "updated_at": "2023-09-06T12:52:49.519Z",
    "created_by": "admin",
    "updated_by": "admin",
    "name": "修改权限",
    "perm_type": 3,
    "parent": 3,
    "icon": null,
    "component": "",
    "path": null,
    "redirect": "",
    "is_visible": true
  }
},
{
  "model": "system.permission",
  "pk": 10,
  "fields": {
    "created_at": "2023-09-06T12:52:58.320Z",
    "updated_at": "2023-09-06T12:52:58.320Z",
    "created_by": "admin",
    "updated_by": "admin",
    "name": "删除权限",
    "perm_type": 3,
    "parent": 3,
    "icon": null,
    "component": "",
    "path": null,
    "redirect": "",
    "is_visible": true
  }
},
{
  "model": "system.permission",
  "pk": 11,
  "fields": {
    "created_at": "2023-09-06T12:53:11.429Z",
    "updated_at": "2023-09-06T12:53:11.429Z",
    "created_by": "admin",
    "updated_by": "admin",
    "name": "新增角色",
    "perm_type": 3,
    "parent": 4,
    "icon": null,
    "component": "",
    "path": null,
    "redirect": "",
    "is_visible": true
  }
},
{
  "model": "system.permission",
  "pk": 12,
  "fields": {
    "created_at": "2023-09-06T12:53:18.266Z",
    "updated_at": "2023-09-06T12:53:18.266Z",
    "created_by": "admin",
    "updated_by": "admin",
    "name": "修改角色",
    "perm_type": 3,
    "parent": 4,
    "icon": null,
    "component": "",
    "path": null,
    "redirect": "",
    "is_visible": true
  }
},
{
  "model": "system.permission",
  "pk": 13,
  "fields": {
    "created_at": "2023-09-06T12:53:25.539Z",
    "updated_at": "2023-09-06T12:53:25.539Z",
    "created_by": "admin",
    "updated_by": "admin",
    "name": "删除角色",
    "perm_type": 3,
    "parent": 4,
    "icon": null,
    "component": "",
    "path": null,
    "redirect": "",
    "is_visible": true
  }
},
{
  "model": "system.permission",
  "pk": 14,
  "fields": {
    "created_at": "2023-09-06T12:53:40.008Z",
    "updated_at": "2023-09-06T12:53:40.008Z",
    "created_by": "admin",
    "updated_by": "admin",
    "name": "新增用户",
    "perm_type": 3,
    "parent": 5,
    "icon": null,
    "component": "",
    "path": null,
    "redirect": "",
    "is_visible": true
  }
},
{
  "model": "system.permission",
  "pk": 15,
  "fields": {
    "created_at": "2023-09-06T12:53:46.488Z",
    "updated_at": "2023-09-06T12:53:46.488Z",
    "created_by": "admin",
    "updated_by": "admin",
    "name": "修改用户",
    "perm_type": 3,
    "parent": 5,
    "icon": null,
    "component": "",
    "path": null,
    "redirect": "",
    "is_visible": true
  }
},
{
  "model": "system.permission",
  "pk": 16,
  "fields": {
    "created_at": "2023-09-06T12:53:54.280Z",
    "updated_at": "2023-09-06T12:53:54.280Z",
    "created_by": "admin",
    "updated_by": "admin",
    "name": "删除用户",
    "perm_type": 3,
    "parent": 5,
    "icon": null,
    "component": "",
    "path": null,
    "redirect": "",
    "is_visible": true
  }
},
{
  "model": "system.permission",
  "pk": 17,
  "fields": {
    "created_at": "2023-09-06T12:54:06.057Z",
    "updated_at": "2023-09-06T12:54:06.057Z",
    "created_by": "admin",
    "updated_by": "admin",
    "name": "新增部门",
    "perm_type": 3,
    "parent": 6,
    "icon": null,
    "component": "",
    "path": null,
    "redirect": "",
    "is_visible": true
  }
},
{
  "model": "system.permission",
  "pk": 18,
  "fields": {
    "created_at": "2023-09-06T12:54:12.649Z",
    "updated_at": "2023-09-06T12:54:12.649Z",
    "created_by": "admin",
    "updated_by": "admin",
    "name": "修改部门",
    "perm_type": 3,
    "parent": 6,
    "icon": null,
    "component": "",
    "path": null,
    "redirect": "",
    "is_visible": true
  }
},
{
  "model": "system.permission",
  "pk": 19,
  "fields": {
    "created_at": "2023-09-06T12:54:19.920Z",
    "updated_at": "2023-09-06T12:54:19.920Z",
    "created_by": "admin",
    "updated_by": "admin",
    "name": "删除部门",
    "perm_type": 3,
    "parent": 6,
    "icon": null,
    "component": "",
    "path": null,
    "redirect": "",
    "is_visible": true
  }
},
{
  "model": "system.permission",
  "pk": 20,
  "fields": {
    "created_at": "2023-09-06T12:54:36.194Z",
    "updated_at": "2023-09-06T12:54:36.194Z",
    "created_by": "admin",
    "updated_by": "admin",
    "name": "修改个人信息",
    "perm_type": 3,
    "parent": 7,
    "icon": null,
    "component": "",
    "path": null,
    "redirect": "",
    "is_visible": true
  }
},
{
  "model": "system.permission",
  "pk": 21,
  "fields": {
    "created_at": "2023-09-06T12:54:44.612Z",
    "updated_at": "2023-09-06T12:54:44.612Z",
    "created_by": "admin",
    "updated_by": "admin",
    "name": "重置密码",
    "perm_type": 3,
    "parent": 7,
    "icon": null,
    "component": "",
    "path": null,
    "redirect": "",
    "is_visible": true
  }
},
{
  "model": "system.permission",
  "pk": 22,
  "fields": {
    "created_at": "2023-09-06T12:55:44.645Z",
    "updated_at": "2023-09-06T12:55:44.645Z",
    "created_by": "admin",
    "updated_by": "admin",
    "name": "项目管理",
    "perm_type": 1,
    "parent": null,
    "icon": "ProjectOutlined",
    "component": "pm/project/ProjectList",
    "path": "/projects",
    "redirect": "",
    "is_visible": true
  }
},
{
  "model": "system.permission",
  "pk": 23,
  "fields": {
    "created_at": "2023-09-06T12:56:07.923Z",
    "updated_at": "2023-09-06T12:56:07.923Z",
    "created_by": "admin",
    "updated_by": "admin",
    "name": "新增项目",
    "perm_type": 3,
    "parent": 22,
    "icon": null,
    "component": "",
    "path": null,
    "redirect": "",
    "is_visible": true
  }
},
{
  "model": "system.permission",
  "pk": 24,
  "fields": {
    "created_at": "2023-09-06T12:56:16.324Z",
    "updated_at": "2023-09-06T12:56:16.324Z",
    "created_by": "admin",
    "updated_by": "admin",
    "name": "修改项目",
    "perm_type": 3,
    "parent": 22,
    "icon": null,
    "component": "",
    "path": null,
    "redirect": "",
    "is_visible": true
  }
},
{
  "model": "system.permission",
  "pk": 25,
  "fields": {
    "created_at": "2023-09-06T12:56:28.648Z",
    "updated_at": "2023-09-06T12:56:28.648Z",
    "created_by": "admin",
    "updated_by": "admin",
    "name": "删除项目",
    "perm_type": 3,
    "parent": 22,
    "icon": null,
    "component": "",
    "path": null,
    "redirect": "",
    "is_visible": true
  }
},
{
  "model": "system.permission",
  "pk": 26,
  "fields": {
    "created_at": "2023-09-06T12:56:55.532Z",
    "updated_at": "2023-09-06T12:56:55.532Z",
    "created_by": "admin",
    "updated_by": "admin",
    "name": "添加项目成员",
    "perm_type": 3,
    "parent": 22,
    "icon": null,
    "component": "",
    "path": null,
    "redirect": "",
    "is_visible": true
  }
},
{
  "model": "system.permission",
  "pk": 27,
  "fields": {
    "created_at": "2023-09-06T12:57:42.097Z",
    "updated_at": "2023-09-06T12:57:42.097Z",
    "created_by": "admin",
    "updated_by": "admin",
    "name": "迭代管理",
    "perm_type": 1,
    "parent": null,
    "icon": null,
    "component": "pm/sprint/SprintList",
    "path": "/projects/:projectId/sprints",
    "redirect": "",
    "is_visible": false
  }
},
{
  "model": "system.permission",
  "pk": 28,
  "fields": {
    "created_at": "2023-09-06T12:58:21.401Z",
    "updated_at": "2023-09-06T12:58:21.401Z",
    "created_by": "admin",
    "updated_by": "admin",
    "name": "迭代概览",
    "perm_type": 1,
    "parent": 27,
    "icon": null,
    "component": "pm/sprint/SprintOverview",
    "path": ":sprintId/overview",
    "redirect": "",
    "is_visible": false
  }
},
{
  "model": "system.permission",
  "pk": 29,
  "fields": {
    "created_at": "2023-09-06T12:59:07.577Z",
    "updated_at": "2023-09-06T12:59:07.577Z",
    "created_by": "admin",
    "updated_by": "admin",
    "name": "需求管理",
    "perm_type": 1,
    "parent": 27,
    "icon": null,
    "component": "pm/workItem/RequirementList",
    "path": ":sprintId/requirements",
    "redirect": "",
    "is_visible": false
  }
},
{
  "model": "system.permission",
  "pk": 30,
  "fields": {
    "created_at": "2023-09-06T12:59:31.760Z",
    "updated_at": "2023-09-06T12:59:31.760Z",
    "created_by": "admin",
    "updated_by": "admin",
    "name": "任务管理",
    "perm_type": 1,
    "parent": 27,
    "icon": null,
    "component": "pm/workItem/TaskList",
    "path": ":sprintId/tasks",
    "redirect": "",
    "is_visible": false
  }
},
{
  "model": "system.permission",
  "pk": 31,
  "fields": {
    "created_at": "2023-09-06T12:59:53.563Z",
    "updated_at": "2023-09-06T12:59:53.563Z",
    "created_by": "admin",
    "updated_by": "admin",
    "name": "缺陷管理",
    "perm_type": 1,
    "parent": 27,
    "icon": null,
    "component": "pm/workItem/BugList",
    "path": ":sprintId/bugs",
    "redirect": "",
    "is_visible": false
  }
},
{
  "model": "system.permission",
  "pk": 32,
  "fields": {
    "created_at": "2023-09-06T13:00:17.280Z",
    "updated_at": "2023-09-06T13:00:17.280Z",
    "created_by": "admin",
    "updated_by": "admin",
    "name": "新增迭代",
    "perm_type": 3,
    "parent": 27,
    "icon": null,
    "component": "",
    "path": null,
    "redirect": "",
    "is_visible": true
  }
},
{
  "model": "system.permission",
  "pk": 33,
  "fields": {
    "created_at": "2023-09-06T13:00:34.037Z",
    "updated_at": "2023-09-06T13:00:34.037Z",
    "created_by": "admin",
    "updated_by": "admin",
    "name": "修改迭代",
    "perm_type": 3,
    "parent": 27,
    "icon": null,
    "component": "",
    "path": null,
    "redirect": "",
    "is_visible": true
  }
},
{
  "model": "system.permission",
  "pk": 34,
  "fields": {
    "created_at": "2023-09-06T13:00:40.470Z",
    "updated_at": "2023-09-06T13:00:40.470Z",
    "created_by": "admin",
    "updated_by": "admin",
    "name": "删除迭代",
    "perm_type": 3,
    "parent": 27,
    "icon": null,
    "component": "",
    "path": null,
    "redirect": "",
    "is_visible": true
  }
},
{
  "model": "system.permission",
  "pk": 35,
  "fields": {
    "created_at": "2023-09-06T13:00:55.443Z",
    "updated_at": "2023-09-06T13:00:55.443Z",
    "created_by": "admin",
    "updated_by": "admin",
    "name": "新增工作项",
    "perm_type": 3,
    "parent": 27,
    "icon": null,
    "component": "",
    "path": null,
    "redirect": "",
    "is_visible": true
  }
},
{
  "model": "system.permission",
  "pk": 36,
  "fields": {
    "created_at": "2023-09-06T13:01:03.401Z",
    "updated_at": "2023-09-06T13:01:03.401Z",
    "created_by": "admin",
    "updated_by": "admin",
    "name": "修改工作项",
    "perm_type": 3,
    "parent": 27,
    "icon": null,
    "component": "",
    "path": null,
    "redirect": "",
    "is_visible": true
  }
},
{
  "model": "system.permission",
  "pk": 37,
  "fields": {
    "created_at": "2023-09-06T13:01:10.375Z",
    "updated_at": "2023-09-06T13:01:10.375Z",
    "created_by": "admin",
    "updated_by": "admin",
    "name": "删除工作项",
    "perm_type": 3,
    "parent": 27,
    "icon": null,
    "component": "",
    "path": null,
    "redirect": "",
    "is_visible": true
  }
},
{
  "model": "system.role",
  "pk": 1,
  "fields": {
    "created_at": "2023-09-06T13:02:27.554Z",
    "updated_at": "2023-09-06T13:03:04.871Z",
    "created_by": "admin",
    "updated_by": "admin",
    "name": "SuperAdmin",
    "desc": "超级管理员角色",
    "permissions": [
      1,
      2,
      7,
      22,
      27,
      3,
      4,
      5,
      6,
      8,
      9,
      10,
      11,
      12,
      13,
      14,
      15,
      16,
      17,
      18,
      19,
      20,
      21,
      23,
      24,
      25,
      26,
      28,
      29,
      30,
      31,
      32,
      33,
      34,
      35,
      36,
      37
    ]
  }
},
{
  "model": "system.role",
  "pk": 2,
  "fields": {
    "created_at": "2023-09-06T13:03:37.820Z",
    "updated_at": "2023-09-06T13:04:31.082Z",
    "created_by": "admin",
    "updated_by": "admin",
    "name": "User",
    "desc": "普通用户角色",
    "permissions": [
      1,
      7,
      20,
      21,
      22,
      23,
      24,
      25,
      26,
      27,
      28,
      29,
      30,
      31,
      32,
      33,
      34,
      35,
      36,
      37
    ]
  }
},
{
  "model": "system.department",
  "pk": 1,
  "fields": {
    "created_at": "2023-09-06T13:04:42.031Z",
    "updated_at": "2023-09-06T13:04:42.031Z",
    "created_by": "admin",
    "updated_by": "admin",
    "name": "Vespa",
    "parent": null
  }
},
{
  "model": "system.department",
  "pk": 2,
  "fields": {
    "created_at": "2023-09-06T13:04:50.104Z",
    "updated_at": "2023-09-06T13:04:50.104Z",
    "created_by": "admin",
    "updated_by": "admin",
    "name": "研发部",
    "parent": 1
  }
},
{
  "model": "system.user",
  "pk": 1,
  "fields": {
    "password": "pbkdf2_sha256$600000$4Kd9fJ9MIWcfXXw2h1NG4V$IEbyL0jxJCwKU1fkKtLjkftf/OIqtBs6PAar2fRmkaM=",
    "last_login": null,
    "is_superuser": true,
    "username": "admin",
    "first_name": "",
    "last_name": "",
    "email": "admin@qq.com",
    "is_staff": true,
    "is_active": true,
    "date_joined": "2023-09-06T12:44:54.201Z",
    "nick_name": "疾风剑豪",
    "gender": 1,
    "avatar": "avatars/ninja.png",
    "department": 2,
    "position": "专项爆破工程师",
    "groups": [],
    "user_permissions": [],
    "roles": [
      1
    ]
  }
},
{
  "model": "system.user",
  "pk": 2,
  "fields": {
    "password": "pbkdf2_sha256$600000$JUgADO02b8ti0bQxzC1hl5$okJ8RUxqVngDKxJD5ftmImIBl7iYpKRgQgwuGSEGfH8=",
    "last_login": null,
    "is_superuser": false,
    "username": "test",
    "first_name": "",
    "last_name": "",
    "email": "test@qq.com",
    "is_staff": false,
    "is_active": true,
    "date_joined": "2023-09-06T13:07:04.828Z",
    "nick_name": "无极剑圣",
    "gender": 1,
    "avatar": "avatars/ninja.png",
    "department": 2,
    "position": "地雷脚本工程师",
    "groups": [],
    "user_permissions": [],
    "roles": [
      2
    ]
  }
}
]
